skill,difficulty,question,model_answer
python,easy,What is the difference between a list and a tuple in Python?,Lists are mutable and use square brackets. Tuples are immutable and use parentheses. Tuples are faster and hashable so they can be dictionary keys. Lists cannot be dictionary keys.
python,easy,What is a Python decorator?,A decorator is a function that takes another function and extends its behavior without modifying it. It uses the at symbol syntax. Common uses are logging authentication and caching.
python,medium,Explain Python's GIL and how it affects multithreading,The GIL allows only one thread to execute Python bytecode at a time. CPU-bound tasks do not benefit from threading and should use multiprocessing. IO-bound tasks do benefit because the GIL is released during IO operations.
python,medium,What is the difference between deep copy and shallow copy?,A shallow copy creates a new object but inserts references to the same nested objects. A deep copy recursively copies all nested objects. Use copy.copy for shallow and copy.deepcopy for deep.
python,hard,How does Python memory management work?,Python uses reference counting and a cyclic garbage collector. Objects are freed when reference count reaches zero. The cyclic collector handles reference cycles. Memory is allocated via the pymalloc allocator for small objects.
sql,easy,What is the difference between WHERE and HAVING?,WHERE filters rows before grouping and cannot use aggregate functions. HAVING filters groups after GROUP BY and can use aggregates like COUNT and SUM.
sql,easy,Explain the different types of JOINs,INNER JOIN returns matching rows in both tables. LEFT JOIN returns all rows from the left plus matches. RIGHT JOIN is opposite. FULL OUTER JOIN returns all rows from both. CROSS JOIN returns the Cartesian product.
sql,medium,What is an index and when should you use one?,An index speeds up reads on a column by maintaining a sorted structure. Use indexes on columns used in WHERE JOIN and ORDER BY. Avoid on columns with frequent writes or low cardinality since they add write overhead.
sql,medium,What is normalization and why is it important?,Normalization organizes data to reduce redundancy and improve integrity. First normal form removes repeating groups. Second normal form removes partial dependencies. Third normal form removes transitive dependencies.
machine learning,easy,What is the difference between supervised and unsupervised learning?,Supervised learning uses labeled data to learn a mapping from input to output. Unsupervised learning finds structure in unlabeled data such as clusters. Examples are regression and classification versus clustering and dimensionality reduction.
machine learning,easy,Explain overfitting and how to prevent it,Overfitting is when a model learns training data too well including noise and fails on new data. Prevent by using more data cross validation regularization dropout early stopping and simpler models.
machine learning,medium,What is the bias-variance tradeoff?,Bias is error from oversimplified assumptions. Variance is error from sensitivity to training data. High bias underfits. High variance overfits. The goal is to balance both for lowest total error.
machine learning,medium,What is cross validation and why use it?,Cross validation splits data into k folds and trains k times holding out each fold once. It gives a more reliable estimate of performance than a single train test split especially on small datasets.
machine learning,hard,Explain gradient descent and its variants,Batch gradient descent computes gradient on all data per step. Stochastic uses one sample per step. Mini batch uses a small batch. Variants like Adam and RMSProp adapt the learning rate per parameter for faster convergence.
deep learning,easy,What is a neural network?,A neural network is a stack of layers of neurons. Each neuron computes a weighted sum of inputs plus a bias and applies an activation function. Training adjusts weights using backpropagation and gradient descent to minimize a loss function.
deep learning,medium,What is the role of an activation function?,Activation functions introduce non-linearity so the network can learn complex patterns. Without them a deep network is equivalent to a single linear layer. Common ones are ReLU sigmoid and tanh.
deep learning,medium,What is dropout and why does it help?,Dropout randomly zeroes a fraction of neurons during training. This prevents co-adaptation and acts as regularization reducing overfitting. At inference time dropout is disabled.
deep learning,hard,Explain backpropagation,Backpropagation computes gradients of the loss with respect to each weight using the chain rule. It propagates errors backwards from the output layer to earlier layers. Those gradients are then used by an optimizer to update the weights.
natural language processing,easy,What is tokenization in NLP?,Tokenization splits text into smaller units like words or subwords. It is the first step in most NLP pipelines. Modern models often use subword tokenization like BPE or WordPiece.
natural language processing,medium,What is the difference between stemming and lemmatization?,Stemming chops word endings with simple rules producing non-words like runn. Lemmatization uses vocabulary and grammar to return the dictionary form like run. Lemmatization is slower but more accurate because it uses part of speech and context.
natural language processing,medium,What are word embeddings?,Word embeddings are dense vector representations of words where similar words are close in vector space. Examples are Word2Vec GloVe and FastText. They capture semantic and syntactic relationships between words.
natural language processing,hard,How does the attention mechanism work in transformers?,Attention computes a weighted sum of value vectors. Weights come from dot products of query and key vectors scaled by the square root of dimension and passed through softmax. This lets each token attend to all others in parallel.
docker,easy,What is the difference between a Docker image and a container?,An image is a read-only template with the application and dependencies. A container is a running instance of an image with a writable layer on top. Images are built once and containers are created from them.
docker,easy,What is a Dockerfile?,A Dockerfile is a text file with instructions to build a Docker image. Common instructions are FROM RUN COPY CMD and ENTRYPOINT. Each instruction creates a layer in the image.
docker,medium,What is the difference between COPY and ADD in a Dockerfile?,COPY copies files from the build context into the image. ADD also does this but additionally handles URLs and auto-extracts tar archives. Best practice is to use COPY unless you specifically need ADD features.
docker,medium,Explain Docker volumes and their use cases,Volumes are the preferred way to persist data generated by containers. They live outside the container filesystem and survive container removal. Use them for databases logs and shared data between containers.
git,easy,What is the difference between git pull and git fetch?,git fetch downloads new commits from the remote but does not change your working directory. git pull does a fetch followed by a merge or rebase into your current branch. Fetch is safer because it lets you inspect changes before merging.
git,easy,What is a merge conflict and how do you resolve it?,A merge conflict happens when two branches modify the same part of a file. Git marks the conflicting lines with conflict markers. Resolve by editing the file to the desired content removing the markers then staging and committing the result.
git,medium,What is the difference between merge and rebase?,Merge combines branches by creating a merge commit preserving history. Rebase rewrites commits on top of another branch producing a linear history. Rebase is cleaner but rewrites history so avoid on shared branches.
linux,easy,What is the difference between a process and a thread?,A process has its own memory space. Threads share memory within a process. Processes are isolated and heavier to create. Threads are lightweight and communicate easily but need synchronization to avoid race conditions.
linux,easy,How do you check which process is using a port?,Use lsof with the port flag or netstat with tulpn flags piped to grep or ss with tulpn flags piped to grep. These show the process name and PID listening on the port.
linux,medium,What is the difference between hard links and soft links?,A hard link is another name for the same inode pointing to the same physical data. Deleting the original does not affect it. A soft link or symbolic link points to a path. If the target is deleted the soft link becomes broken.
communication,general,Describe a time you explained a technical concept to a non-technical person,I explained a database concept to a non-technical friend using an analogy of a library. I avoided jargon and checked for understanding at each step. When they looked confused I slowed down and used a simpler example. They were able to explain it back to me in their own words.
communication,general,How do you handle disagreement with a teammate?,I listen to their view first without interrupting. I ask questions to understand the reasoning behind it. Then I present my evidence calmly and focus on the shared goal. If we still disagree I suggest we test both approaches or ask a senior for input. I never make it personal.
teamwork,general,Tell me about a time you worked in a team to deliver something,In my final year project we built a resume analyzer. I handled the AI module and coordinated with two teammates on the frontend and data layer. We met twice a week to review progress and I set up our GitHub workflow. We delivered on time and demoed to the department.
teamwork,general,How do you handle a teammate who is not contributing?,I first talk to them privately to understand if there is a personal or workload issue. If it is a skills gap I offer to help. If it continues I document the work split and raise it with the team lead. I focus on facts not blame. If needed we redistribute tasks to keep the project on track.
problem solving,general,Walk me through how you debug an issue you have never seen before,I read the error message carefully and check the logs. I form a hypothesis about the cause and test it in isolation. I add print statements or use a debugger to inspect values. I check documentation and search for similar issues. Once I identify the cause I fix it and verify the fix does not break other parts.
problem solving,general,How do you approach an unfamiliar problem?,I break the problem into smaller parts. I research existing solutions and understand the constraints. I form a plan with clear milestones. I implement step by step and test as I go. If I get stuck I ask for help early instead of wasting time.